{"stats":{"minecraft:custom":{"minecraft:jump":104,"minecraft:open_chest":3,"minecraft:time_since_rest":11474,"minecraft:crouch_one_cm":18,"minecraft:interact_with_blast_furnace":1,"minecraft:leave_game":1,"minecraft:play_time":11474,"minecraft:sprint_one_cm":23662,"minecraft:damage_taken":50,"minecraft:time_since_death":11474,"minecraft:walk_one_cm":9929,"minecraft:sneak_time":66,"minecraft:total_world_time":11474,"minecraft:interact_with_smoker":1,"minecraft:talked_to_villager":2,"minecraft:fall_one_cm":3143,"minecraft:fly_one_cm":42185}},"DataVersion":3465}