{"stats":{"minecraft:mined":{"minecraft:grass_block":6},"minecraft:killed":{"alexsmobs:grizzly_bear":1,"minecraft:cow":2},"minecraft:picked_up":{"minecraft:stick":1,"minecraft:feather":39,"minecraft:ladder":6,"minecraft:golden_carrot":7,"patchouli:guide_book":1,"travelersbackpack:netherite":1,"minecraft:torch":9,"minecraft:lead":1,"alexsmobs:bear_fur":5,"travelersbackpack:emerald":1,"justhammers:diamond_destructor_hammer":2,"alexsmobs:animal_dictionary":1,"travelersbackpack:sheep":1,"minecraft:netherite_block":4,"travelersbackpack:diamond":1,"minecraft:netherite_ingot":1,"minecraft:arrow":37,"travelersbackpack:cow":1,"minecraft:diamond":13,"minecraft:bow":1,"minecraft:dark_oak_leaves":1,"minecraft:granite":1,"minecraft:diamond_axe":1,"minecraft:ender_eye":7,"rechiseled:chisel":1,"msmlegacy:wither_bane":1,"minecraft:chest":1,"minecraft:phantom_membrane":3,"minecraft:diamond_pickaxe":1},"minecraft:used":{"minecraft:enchanting_table":1,"minecraft:grass_block":13,"msmlegacy:wither_bane":4,"minecraft:chest":4,"securitycraft:reinforced_bookshelf":21,"minecraft:golden_carrot":1,"minecraft:bow":6,"minecraft:anvil":1},"minecraft:dropped":{"minecraft:netherite_block":4,"minecraft:grass_block":1,"alexsmobs:bear_fur":5},"minecraft:custom":{"minecraft:time_since_rest":42999,"minecraft:sprint_one_cm":19146,"minecraft:damage_taken":112,"minecraft:walk_one_cm":17857,"minecraft:mob_kills":3,"minecraft:interact_with_anvil":1,"minecraft:drop":4,"minecraft:damage_dealt":439,"minecraft:fly_one_cm":58084,"minecraft:open_chest":23,"minecraft:crouch_one_cm":73,"minecraft:play_time":42999,"minecraft:sneak_time":61,"minecraft:walk_under_water_one_cm":3721,"minecraft:jump":163,"minecraft:leave_game":2,"minecraft:time_since_death":42999,"minecraft:enchant_item":10,"minecraft:total_world_time":42999,"minecraft:fall_one_cm":5262}},"DataVersion":3465}